name,gender
abimael,M
abril,F
acxell,M
adderly,F
adelmer,M
adely,F
ademir,M
adesandro,M
adler,M
aelyn,F
ahida,F
aidee,F
ailyn,F
aixa,F
alamiro,M
albaro,M
alberth,M
aldair,M
alejandria,F
alesxandra,F
alexsander,M
alexsandra,F
aleyda,F
alfert,M
alitza,F
alizandra,F
allmendra,F
almendra,F
alpino,M
alytsa,F
amelith,F
ana-belen,F
anahy,F
anaith,F
anakarina,F
anali,F
analida,F
analucia,F
analy,F
anamelva,F
anapaola,F
anapaula,F
andersen,M
andersson,M
anely,F
angelines,F
angelith,F
angella,F
angello,M
angelly,F
anggela,F
anggella,F
anggie,F
anghela,F
anghella,F
anguie,F
annabeli,F
anne-ly,F
anne-marie,F
annelisse,F
annys,F
antonny,M
antuane,F
any,F
anyela,F
anyeli,F
aracelli,F
aracelly,F
aracely,F
areli,F
aremy,F
aritza,F
arleth,F
arnol,M
aroli,F
atricia,F
auramaria,F
aurializ,F
aurorita,F
ausberto,M
aydee,F
ayme,F
aymee,F
ayrton,M
azalea,F
bacilio,M
bannia,F
bat-sheva,F
bayron,M
belisa,F
ben-zion,M
berioska,F
berly,M
betsaida,F
betssy,F
betthina,F
bettsy,F
bettzy,F
bety,F
betzabe,M
betzaida,F
betzi,F
bildia,F
bony,F
braian,M
brany,M
brayain,M
breitner,M
brenner,M
breno,M
briam,M
briggiette,F
briggit,F
briggite,F
briggitte,F
brillyth,F
brissette,F
brunela,F
bryaan,M
bryam,M
carelin,F
carito,F
caroll,F
catherin,F
catherinne,F
catty,F
celinda,F
cellyn,F
celmira,F
cesia,F
charlles,M
chriss,M
christhel,F
christhian,M
christiam,M
christians,M
churchil,M
cinddy,F
cintiha,F
cinttya,F
cintya,F
clari,F
clever,M
clifor,M
conny,F
cresencio,M
crhistian,M
crhistina,F
crisceida,F
crisencio,M
criss,M
cristhiam,M
cristhian,M
cristhie,F
cristhopher,M
cristhy,F
cristiam,M
cristiham,M
cristihan,M
crys,F
crystel,F
crysthian,M
cyndhi,F
cynthya,F
cyro,M
da'd,F
dagiana,F
daicy,F
daisa,F
daisi,F
dajanna,F
damisela,F
danele,F
dangela,F
dangello,M
danicsa,F
danipsa,F
danitsa,F
danitsaa,F
danitza,F
dannae,F
dannia,F
dannisa,F
danytza,F
dariela,F
dayand,F
dayanna,F
dayhana,F
daysi,F
dayssi,F
dayssy,F
daysy,F
deifilio,M
deisi,F
deissy,F
deisy,F
deivhy,M
deivid,M
deivis,M
delford,M
delicia,F
delsi,F
demhos,M
demostenes,M
denisse,F
dennys,M
derly,F
deyra,F
deyse,F
deysi,F
deysy,F
deyvi,M
deyvis,M
dhalia,F
dianela,F
dianelizabet,F
dianeth,F
dianira,F
diannelie,F
diashania,F
dimelsa,F
diogenes,M
dionela,F
dionice,F
dionicio,M
dulio,M
dyahira,F
dyanaira,F
ebelin,F
eber,M
ebert,M
eberth,M
ebmar,M
edder,M
eddison,M
eddson,M
edelciro,M
edher,M
edhirzon,M
edhit,F
edicson,M
edilberto,M
edilfonso,M
edinson,M
edir,M
edisson,M
edmilson,M
edsson,M
edu,M
eduan,M
eduar,M
edwar,M
edwards,M
edwind,M
edwing,M
edwinson,M
edwyn,M
efriana,F
ego,M
einstein,M
eisnthen,M
elba,F
elber,M
elberth,M
elbis,M
elder,M
eleen,F
eleodoro,M
eli,F
elia,F
elianna,F
elizabet,F
elizeth,F
elizett,F
elviz,M
elvys,M
elwis,M
ely,F
emaly,F
emersson,M
enma,F
erickson,M
ericksson,M
erikson,M
erinson,M
esequiel,M
esmilsinia,F
espirita,F
estalin,M
estefani,F
estefanny,F
estefany,F
esteffany,F
estelita,F
estephani,F
estephania,F
estephanie,F
esthefany,F
esthela,F
estuardo,M
etbert,M
etika,F
etna,F
eutemio,M
eveling,F
evelym,F
evelyng,F
evenny,F
ever,M
everth,M
evira,F
ewin,M
eylin,F
fabrisio,M
farady,M
favio,M
faviola,F
federman,M
felisandro,M
felissa,F
fiorela,F
fisher,M
florisabel,F
franchesca,F
francis,F
franciz,M
francy,F
francys,F
franks,M
frankz,M
fransessca,F
franshesca,F
fransheska,F
fredix,M
fresia,F
fressia,F
freysi,F
frezzia,F
friorela,F
gabrielita,F
gabryela,F
gean,M
geanfranco,M
geaninne,F
geanmarco,M
geimmy,F
geisha,F
gelber,M
gemeneza,F
genry,M
geny,F
geordano,M
geovani,M
geralyne,F
gerber,M
geshler,M
gessika,F
gheraldo,M
ghuber,M
giancarlos,M
gianella,F
gianira,F
gilbertho,M
gilder,M
gilmer,M
gilver,M
gimena,F
ginna,F
gioliana,F
giorjhian,M
giovagna,F
giovana,F
giovanny,M
giraldo,M
gisel,F
gisell,F
gissela,F
gissele,F
gissella,F
giuliana,F
giulianna,F
giulissa,F
giulliana,F
giussephe,M
gladyspatricia,F
gladyz,F
gleidy,F
glendy,F
gleny,F
gleydi,F
grecia,F
greck,M
greicy,F
greis,F
greisy,F
grelia,F
gressia,F
gretell,F
grethel,F
grettel,F
greys,F
greyss,F
greyssy,F
grezia,F
gricel,F
grimelda,F
grobert,M
guiliana,F
guilissa,F
guilliam,M
guilliana,F
guisel,F
guisela,F
guisele,F
guisella,F
guissel,F
guissela,F
guisselle,F
guliana,F
gyselle,F
hada,F
hameda,F
hansel,M
hansen,M
harnol,M
harol,M
hayde,F
haydi,F
hayleen,F
hayra,F
hebert,M
heberth,M
heder,M
heferson,M
heiddy,F
heilly,F
heimer,M
helber,M
helbet,M
helem,F
heleninha,F
helenn,F
heleny,F
heliana,F
helynn,F
henrry,M
heraldina,F
herber,M
hermogenes,M
herry,M
herson,M
hervin,M
heverson,M
heydi,F
heydy,F
hipocrates,M
hiscel,F
huber,M
hybeth,F
hyphatia,F
ibeth,F
iesus,M
ilich,M
indhira,F
indhyra,F
indu-bala,F
ingred,F
ingria,F
iohann,M
isela,F
ismelda,F
jabier,M
jacira,F
jackelin,F
jackelinee,F
jackelyn,F
jahaira,F
jahayra,F
jaihro,M
jairzinho,M
jaiver,M
jakelin,F
jakelina,F
jakeline,F
jakellin,F
jakelyn,F
jakquelin,F
jampierre,M
jandira,F
janira,F
janneth,F
jannett,F
jannina,F
jansen,M
jaquelin,F
jarol,M
jashira,F
jasson,M
jean-claude,M
jean-luc,M
jean-marie,M
jean-paul,M
jean-pierre,M
jeancarlo,M
jeancarlos,M
jeaneth,F
jeanneth,F
jeanpierre,M
jeferson,M
jeffersson,M
jefry,M
jeison,M
jeisson,M
jely,F
jemmy,F
jenisse,F
jenniffer,F
jenrry,M
jeny,F
jeovanna,F
jerson,M
jersson,M
jesica,F
jesika,F
jessenia,F
jeysson,M
jhaidy,F
jhakelyne,F
jhamilet,F
jhandyra,F
jhanett,F
jhanina,F
jhanira,F
jhaquelin,F
jhaqueline,F
jharmila,F
jhasmin,F
jheferson,M
jheff,M
jheimmy,F
jheimy,F
jhelitza,F
jhennifer,F
jheny,F
jherson,M
jhersson,M
jheyson,M
jheyzon,M
jhimmy,M
jhimy,M
jhoam,M
jhoan,M
jhoana,F
jhoann,M
jhoanna,F
jhocelyn,F
jhoel,M
jhohan,M
jhon,M
jhonatan,M
jhonathan,M
jhonattan,M
jhonn,M
jhonnatan,M
jhonnathan,M
jhonny,M
jhony,M
jhoselin,F
jhoselyn,F
jhosep,M
jhoseph,M
jhosimar,M
jhosselyn,F
jhovan,M
jhovana,F
jhovani,M
jhovanna,F
jhuvitza,F
jihmmy,M
jimenna,F
jimy,M
joan,M
johannella,F
johans,M
johel,M
johgan,M
john-mary,M
johnan,M
johnatan,M
johon,M
johseline,F
jonattan,M
jonh,M
jonnatan,M
jonnathan,M
jony,M
jordano,M
jorella,F
jorsh,M
jose-marie,M
josealonso,M
josehp,M
joselin,F
joseluis,M
josemaria,M
joseph-mary,M
joshellyn,F
joshep,M
joshimar,M
josmary,F
josselly,F
jossely,F
josseph,M
jossimar,M
jossue,M
juancarlo,M
juber,M
juelmer,M
juleimy,F
julisa,F
julliana,F
jullissa,F
jully,F
july,F
junior,M
juniors,M
junnior,M
juvel,M
juver,M
karela,F
karelya,F
karhyn,F
karime,F
karito,F
karold,F
karoll,F
katerin,F
katerine,F
katerinne,F
kateryne,F
katherin,F
katherinne,F
kathya,F
katirina,F
katiuska,F
katiuzka,F
katterin,F
katterina,F
katterine,F
katteryn,F
kattia,F
kattya,F
kely,F
ken'ichi,M
kennedy,M
kennt,M
kenyi,M
keylinn,F
keyssi,F
kharen,F
kharla,F
kharol,F
khatteryn,F
kimberli,F
kissi,F
kiuber,M
korinka,F
krisia,F
kriss,M
kristhel,F
kristhy,F
kristtel,F
krystel,F
kyara,F
laddy,F
lady,F
laidy,F
layza,F
lberto,M
leesley,F
leiddy,F
leider,M
lejandro,M
lelis,F
lener,M
lenin,M
lenna,F
lennin,M
leonela,F
leonell,M
leslye,F
lesslie,F
lessly,F
lessy,F
lexander,M
leydi,F
leydy,F
libertad,F
libia,F
licet,F
lileth,F
liliam,F
lilian,F
lillyan,F
limbert,M
lincol,M
lincon,M
lissbeth,F
lisset,F
lisseth,F
lissethe,F
lissett,F
lissetthe,F
lisveth,F
liszeth,F
litsia,F
litz,F
litzi,F
lizandro,M
lizardo,M
lizbel,F
lizbet,F
lizely,F
lizert,F
lizseth,F
lizth,F
lizweth,F
lizzet,F
lizzeth,F
luceida,F
lucerito,F
lucero,F
ludwing,M
luiggi,M
luighi,M
luigui,M
luisamanda,F
luisana,F
luisanna,F
luisiana,F
luliana,F
luygy,M
luzbenia,F
luzmarina,F
luzmila,F
lys,F
lyz,F
lyzeth,F
ma'anit,F
maaena,F
mackarena,F
madaleine,F
madeleyne,F
madhu-bala,F
madhya,F
madlyn,F
magel,M
magretty,F
magyoly,F
mahycol,M
maicol,M
malbina,F
manfreed,M
marcionila,F
marck,M
marcoantonio,M
marggie,F
marghia,F
margiori,F
margoot,F
margory,F
mari,F
mariaelena,F
mariafe,F
marialejandra,F
marianelly,F
maribell,F
maricarmen,F
maricielo,F
marie-andre,F
marie-joseph,F
marie-luce,F
marie-pascale,F
marie-pierre,F
marielen,F
marielizabeth,F
mariely,F
marienella,F
mariestella,F
marievelyn,F
mariluz,F
marimar,F
marioguillermo,M
marisabel,F
marisella,F
marite,F
maritsa,F
mariuxia,F
marivel,F
mariza,F
marizol,F
marleni,F
marleny,F
marshia,F
maruja,F
marwin,M
marx,M
maryalejandra,F
maryanela,F
maryangela,F
marybell,F
marycarmen,F
marycielo,F
marycruz,F
maryluz,F
maryori,F
marysheily,F
masiel,F
masshiara,F
massiel,F
massiell,F
mavel,F
maximandro,M
mayckel,M
maycol,M
mayda,F
maydee,F
mayela,F
mayita,F
mayko,M
maykol,M
maykoll,M
maylei,F
maylin,F
maythe,F
mayumy,F
medalit,F
medalith,F
melannie,F
meli,F
meliza,F
mellany,F
mercy,F
mereyda,F
merida,F
merly,F
meylin,F
midward,M
miguelangel,M
mijael,M
mijail,M
mike,M
milagritos,F
milely,F
miliam,F
miller,M
milthon,M
miluzca,F
milward,M
minorka,F
mireilly,F
mirla,F
mirthya,F
miryan,F
mishell,F
mithzy,F
mitzy,F
moraima,F
myhail,M
mytzhy,F
nadhia,F
nadhiezda,F
nadieshda,F
nadith,M
naharda,F
nahir,M
nahyira,F
nainma,F
naldy,F
nardiet,F
nardieth,F
narendra,F
nasheli,F
nathali,F
nathally,F
natty,F
naveronica,F
naya,F
nayely,F
naysha,F
nazareth,F
neftaly,M
nelcy,F
neptali,M
neysha,F
nezida,F
nickholas,M
nilthon,M
nilto,M
nilton,M
ninoska,F
nitza,F
noelita,F
nohelia,F
nohely,F
oclander,M
odaliz,F
odmar,M
olenka,F
olger,M
olguita,F
olmedo,M
olmer,M
omayra,F
ordalia,F
oryana,F
osmilda,F
ostin,M
overcindo,M
paulita,F
paulov,M
perci,M
persy,M
pether,M
phiero,M
phill,M
phillips,M
polita,F
pompeyo,M
pool,M
principe,M
priscylla,F
prissila,F
pryscila,F
rainiero,M
raj-pal,M
rajhendra,F
ramses,M
rances,M
randol,M
raulangel,M
raysa,F
rayzza,F
renson,M
rey,M
rhenzo,M
rhoy,M
rhoyhers,M
richar,M
rivelino,M
roberth,M
robertho,M
robinson,M
robinzon,M
rocisela,F
rodo,M
rogers,M
roggel,M
rogger,M
rogher,M
roghina,F
romario,M
romell,M
rommel,M
rommell,M
ronal,M
ronel,M
roosvelt,M
roosvelth,M
rosabell,F
rosalinn,F
rosaluz,F
rosalvina,F
rosaly,F
rosary,F
rosas,F
rosaura,F
roselena,F
rosemery,F
rosio,F
rosmeri,F
rosmery,F
rosnira,F
rossa,F
rossaby,F
rossali,F
rosselyn,F
rossemarie,F
rossemary,F
rossi,F
rossmery,F
rossy,F
royer,M
rubbens,M
rubilina,F
rubisnol,M
ruddy,M
rudid,F
rupertina,F
ruperto,M
rusmeri,F
saarah,F
saira,F
sami,F
samuelson,M
sandraelizabeth,F
sandy,F
sarella,F
sariana,F
sasy,M
sayra,F
scarlet,F
scarleth,F
set,M
shanery,F
shanti-devi,F
sharely,F
shashi-kala,F
shashi-prabha,F
shearley,F
shearly,F
sheilla,F
sherley,F
sherly,F
shessira,F
sheyla,F
sheylla,F
shin'ichi,M
shintya,F
shiomara,F
shueli,F
silvanna,F
silvya,F
sinthia,F
sinthya,F
sintia,F
siomara,F
siovanna,F
sirley,F
skarlet,F
skarllet,F
smith,M
sneh-lata,F
socrates,M
ssabel,F
stalin,M
steefany,F
stefanny,F
stefany,F
steffani,F
steffany,F
steffy,F
stephani,F
stephannie,F
stephanny,F
steysi,F
sthaysy,F
sthefanny,F
sthefany,F
sttefanny,F
sugey,F
suggeily,F
sujhei,F
sully,F
sulma,F
susam,F
susel,F
synthia,F
syntia,F
teddy,M
thanya,F
thessia,F
tomy,M
uma-devi,F
uva,F
valenska,F
valia,F
vanezza,F
vannesa,F
vannia,F
vannya,F
veralucia,F
veraluciana,F
verenisse,F
verenit,F
verioska,F
veronicka,F
vianca,F
virma,F
viselka,F
waldir,M
washington,M
watson,M
waymer,M
wendoline,F
whendy,F
whiliam,M
whomar,M
wifredo,M
wilder,M
wilfer,M
wilfor,M
wilian,M
wilington,M
wilivaldo,M
willam,M
willan,M
willelmo,M
williams,M
willians,M
willington,M
willman,M
willmer,M
wily,M
winder,M
windsor,M
wualter,M
wuilber,M
wuily,M
xylander,M
yackeline,F
yackelini,F
yacquelin,F
yahaira,F
yahandra,F
yahayra,F
yajahira,F
yajaida,F
yajaira,F
yalila,F
yamely,F
yamil,M
yamila,F
yamile,F
yamilet,F
yamileth,F
yamily,F
yamir,M
yamira,F
yampold,M
yancarlo,M
yancarlos,M
yandaline,F
yanet,F
yaneth,F
yanett,F
yanira,F
yanitza,F
yannet,F
yanneth,F
yannett,F
yaquelin,F
yaqueline,F
yaritza,F
yashmina,F
yasminka,F
yavira,F
ybeth,F
yeferson,M
yefry,M
yeimy,F
yeisy,F
yelianna,F
yelina,F
yelitza,F
yeni,F
yenifer,F
yeniffer,F
yenni,F
yenny,F
yeny,F
yeraldo,M
yersong,M
yesabella,F
yeshika,F
yesi,F
yessabell,F
yessi,F
yessica,F
yessika,F
yessyca,F
ygnacio,M
yhan,M
yhanina,F
yharinda,F
yherson,M
yhon,M
yhony,M
yicela,F
yildo,M
yimi,M
yimmy,M
yimy,M
yiorgina,F
yissela,F
yndira,F
yngrid,F
yobana,F
yohama,F
yohan,M
yohana,F
yohanna,F
yohel,M
yohnar,M
yojana,F
yoliza,F
yoly,F
yomaira,F
yomar,M
yomira,F
yonel,M
yonny,M
yonsthon,M
yony,M
yordano,M
yordhanno,M
yordi,M
yorman,M
yoseliny,F
yoselyn,F
yoselyne,F
yosimar,M
yosselly,F
yosselyn,F
yosshelyng,F
yovana,F
yovanna,F
yovany,M
yrma,F
ysaac,M
ysabel,F
ysabella,F
ysela,F
ysmael,M
yssella,F
ytalo,M
yubalena,F
yubica,F
yudith,F
yuleni,F
yuleymi,F
yulio,M
yulisa,F
yulissa,F
yuliza,F
yuly,F
yulyssa,F
yumira,F
yunior,M
yurema,F
yurisabhet,F
yusara,F
yusep,M
yuvidtza,F
zahina,F
zamantha,F
zamiara,F
zandra,F
zarela,F
zarella,F
zareth,F
zayda,F
zayra,F
zeila,F
zelena,F
zelenia,F
zeus,M
zilbert,M
zilder,M
zorayda,F
zully,F
zuly,F
zyleyza,F
